time,close,Up Trend,Down Trend,Macro Score Heatmap,Rate Hike,Rate Cut,ATR
1761696000,110032.13,,115244.64530592033,1,0,0,3749.215897212665
1761782400,108308.18,,115244.64530592033,1,0,1,3863.5483331260452
1761868800,109555.27,,115244.64530592033,1,0,0,3787.5798807598994
1761955200,110052.25,,115244.64530592033,1,0,0,3599.7191749913354
1762041600,110536.01,,115244.64530592033,1,0,0,3515.595662491955
1762128000,106557.98,,115244.64530592033,1,0,0,3655.71954374253
1762214400,101468.15,,111307.8380470214,1,0,0,3992.9452906180636
1762300800,103869,,110273.78524231927,1,0,0,4107.734912716774
1762387200,101290.5,,110273.78524231927,1,0,0,4096.908847522718
1762473600,103284.27,,110196.7696462786,1,0,0,4152.271786985381
1762560000,102285.57,,110196.7696462786,1,0,0,3993.3423736292825
1762646400,104694.95,,110196.7696462786,1,0,0,4000.8507755129044
1762732800,105979.38,,110196.7696462786,1,0,0,3887.3785772619826
1762819200,103009.35,,110196.7696462786,1,0,0,3971.106536028984
1762905600,101639.01,,110196.7696462786,1,0,0,4009.8446405983423
1762992000,99614.54,,109510.66947347295,1,0,0,4164.855737698461
1763078400,94503.96,,105766.26852612566,1,0,0,4287.707470719999
1763164800,95544.94,,103974.87667351309,1,0,0,4161.786937097143
1763251200,94183.97,,103116.11600616178,1,0,0,4122.786441590204
1763337600,92100.6,,102040.4614055456,1,0,0,4170.562410048046
1763424000,92914.46,,100035.20176499103,1,0,0,4200.630809330329
1763510400,91461.6,,99308.90158849194,1,0,0,4219.50575152102
1763596800,86536.88,,98684.85442964274,1,0,0,4425.27034069809
1763683200,85068.88,,93573.19048667846,1,0,0,4599.985316362512
1763769600,84684,,93567.16043801063,1,0,0,4421.7863651937605
1763856000,86808.28,,93567.16043801063,1,0,0,4354.936624822777
1763942400,88266.2,,93567.16043801063,1,0,0,4330.471865906865
1764028800,87325.01,,93567.16043801063,1,0,0,4193.995304056375
1764115200,90468.84,,93567.16043801063,1,0,0,4205.96563948092
1764201600,91316.7,,93567.16043801063,1,0,0,4038.2245223751393
1764288000,90902.7,,93567.16043801063,1,0,0,3959.8770564912006
1764374400,90828.06,,93567.16043801063,1,0,0,3748.4565524561153
1764460800,90369.51,,93567.16043801063,1,0,0,3596.912512994964
1764547200,86282.36,,93567.16043801063,1,0,0,3813.825904923895
1764633600,91308.05,,93567.16043801063,1,0,0,3981.454054572188
1764720000,93453.84,,93567.16043801063,1,0,0,3922.5601935313175
1764806400,92093.54,,93567.16043801063,1,0,0,3869.685893993367
1764892800,89345.29,,93567.16043801063,1,0,0,3923.091901565269
1764979200,89267.97,,93567.16043801063,1,0,0,3740.322480024893
1765065600,90402.29,,93567.16043801063,1,0,0,3762.2144457374015
1765152000,90653.86,,93567.16043801063,1,0,0,3685.8391281847303
1765238400,92690,,93567.16043801063,1,0,0,3787.072761885821
1765324800,92035.99,,93567.16043801063,1,0,0,3726.807564608262
1765411200,92542,,93567.16043801063,1,0,1,3770.3770242791
1765497600,90278,,93567.16043801063,1,0,0,3736.1543796877354
1765584000,90255.32,,93567.16043801063,1,0,0,3532.0869239957547
1765670400,88171.61,,93567.16043801063,1,0,0,3489.1364294246296
1765756800,86417.5,,93567.16043801063,1,0,0,3592.420255894299
1765843200,87854.01,,93567.16043801063,1,0,0,3542.818809044706
1765929600,86209.77,,93567.16043801063,1,0,0,3651.8081798272274
1766016000,85460.02,,93567.16043801063,1,0,0,3751.5183098395682
1766102400,88092.65,,93567.16043801063,1,0,0,3791.629144851028
1766188800,88324,,93567.16043801063,1,0,0,3574.4127773616688
1766275200,88639.95,,93567.16043801063,1,0,0,3429.4854361215503
1766361600,88556.77,,93567.16043801063,1,0,0,3377.067190684297
1766448000,87429.32,,93567.16043801063,1,0,0,3304.6173913497046
1766534400,87609.03,,93191.42148194938,1,0,0,3186.51614911044
1766620800,87171.68,,93191.42148194938,1,0,0,3075.7221384596937
1766707200,87296.01,,93191.42148194938,1,0,0,3065.0662714268587
1766793600,87808,,92800.75186034109,1,0,0,2915.4458234677963
1766880000,87877.29,,92639.045674307,1,0,0,2753.6625503629534
1766966400,87110.78,,92639.045674307,1,0,0,2817.686653908457
1767052800,88397.5,,92639.045674307,1,0,0,2804.890464343568
1767139200,87497.94,,92639.045674307,1,0,0,2748.6382883190277
1767225600,88738.34,,92639.045674307,1,0,0,2654.96769629624
1767312000,89957.99,,92639.045674307,1,0,0,2655.5514322750796
1767398400,90598.02,,92639.045674307,1,0,0,2566.788472826859
1767484800,91494,,92639.045674307,1,0,0,2466.7771533392265
1767571200,93870.06,88462.5061136301,,1,0,0,2529.578070957854
1767657600,93722.01,88462.5061136301,,1,0,0,2580.072494460864
1767744000,91279.73,88462.5061136301,,1,0,0,2620.47945914223
1767830400,91026,88462.5061136301,,1,0,0,2603.303069203499
1767916800,90515.45,88462.5061136301,,1,0,0,2585.991421403249
1768003200,90385.54,88462.5061136301,,1,0,0,2433.1756055887317
1768089600,90872.01,88462.5061136301,,1,0,0,2335.3859194752504
1768176000,91188.09,88462.5061136301,,1,0,0,2340.204068084161
1768262400,95384.23,88598.98194387554,,1,0,0,2553.3916346495785
1768348800,96955.16,91062.384249488,,1,0,0,2617.077232174608
1768435200,95587.65,91062.384249488,,1,0,0,2580.8738584478497
1768521600,95504,91062.384249488,,1,0,0,2510.9150114158615
1768608000,95109.99,91062.384249488,,1,0,0,2375.8410820290146
1768694400,93633.53,91062.384249488,,1,0,0,2343.653861884085
1768780800,92559.66,91062.384249488,,1,0,0,2297.552157463793
1768867200,88310.6,,95215.34891873287,1,0,0,2493.4741462163793
1768953600,89363.71,,93931.63002685957,1,0,0,2554.225992915209
1769040000,89463.5,,93931.63002685957,1,0,0,2504.9741362784093
1769126400,89474.93,,93931.63002685957,1,0,0,2519.3588408299515
1769212800,89082.17,,93931.63002685957,1,0,0,2398.3839236278122
1769299200,86561.94,,92432.02704062258,1,0,0,2454.057929082968
1769385600,88250.01,,92432.02704062258,1,0,0,2448.5016484341845
1769472000,89116.96,,92432.02704062258,1,0,0,2435.551530688887
1769558400,89162.4,,92432.02704062258,1,0,0,2388.04713563968
1769644800,84513.2,,91621.89356335247,1,0,0,2645.611625951132
1769731200,84110.99,,88387.17370701722,1,0,0,2713.7022240974798
1769817600,78648,,86618.6973363155,1,0,0,3126.5699223762317
1769904000,76895.53,,84275.27810268395,1,0,0,3169.33207077793
1769990400,78666.85,,84007.88029241556,1,0,0,3288.436208579506
1770076800,75661.49,,83622.872763174,1,0,0,3501.0300508238274
1770163200,72998,,82193.04198685661,1,0,0,3620.443618622125
1770249600,62791,,76988.88778817095,1,0,0,4147.0055030062595
1770336000,70527.7,,76575.30050935384,1,0,0,4686.946538505812
1770422400,69244.74,,76575.30050935384,1,0,0,4663.221071469683
1770508800,70279.33,,76575.30050935384,1,0,0,4572.372423507562
1770595200,70101.99,,76575.30050935384,1,0,0,4470.568678971309
1770681600,68803.65,,76575.30050935384,1,0,0,4339.313059044787
1770768000,67024.93,,76564.91714946835,1,0,0,4282.579983398731
1770854400,66208,,75568.16893452151,1,0,0,4213.64069887025
1770940800,68812,,75568.16893452151,1,0,0,4172.272791808088
1771027200,69786.96,,75568.16893452151,1,0,0,4005.246163821796
1771113600,68792,,75568.16893452151,1,0,0,3927.8464378345243
1771200000,68858.13,,75568.16893452151,1,0,0,3850.013120846345
1771286400,67466.7,,75361.29517129561,1,0,0,3762.864326500177
1771372800,66419.79,,74380.03415416605,1,0,0,3681.6790174644493
1771459200,66972.5,,73312.03923874945,1,0,0,3538.9583733598456
1771545600,67984.42,,73312.03923874945,1,0,0,3419.577775262714
1771632000,67955.78,,73312.03923874945,1,0,0,3258.632219886807
1771718400,67617.98,,73312.03923874945,1,0,0,3105.0577756091775
1771804800,64625.78,,71681.3172360435,1,0,0,3154.797934494236
1771891200,64068.33,,69585.25351243916,1,0,0,3104.7202248875046
1771977600,67992.68,,69585.25351243916,1,0,0,3319.2223516812546
1772064000,67490.51,,69585.25351243916,1,0,0,3251.130755132594
1772150400,65859.94,,69585.25351243916,1,0,0,3253.207129765981
1772236800,66967.85,,69585.25351243916,1,0,0,3359.545906211268
1772323200,65769,,69585.25351243916,1,0,0,3347.551198624749
1772409600,68832.01,,69585.25351243916,1,0,0,3456.9132558658384
1772496000,68335.99,,69585.25351243916,1,0,0,3432.645166161136
1772582400,72683.26,63234.746750717255,,1,0,0,3666.658368578198
1772668800,70887.6,64764.02457564553,,1,0,0,3615.4134851083277
1772755200,68108.24,64764.02457564553,,1,0,0,3621.6882361720186
1772841600,67259.62,64764.02457564553,,1,0,0,3478.957647874017
1772928000,65970.56,64764.02457564553,,1,0,0,3414.9356730258733
1773014400,68432.17,64764.02457564553,,1,0,0,3436.8738392383116
1773100800,69960.83,64764.02457564553,,1,0,0,3435.4185650070035
1773187200,70208,64764.02457564553,,1,0,0,3359.870096077931
1773273600,70531.56,64764.02457564553,,1,0,0,3237.010089215222
1773360000,70944.33,65806.53400886252,,1,0,0,3260.794368556992
1773446400,71232.02,65806.53400886252,,1,0,0,3105.021913660064
1773532800,72830.01,66214.78909717865,,1,0,0,3051.2624912557735
1773619200,74886.47,67820.64068746078,,1,0,0,3021.7044561660755
1773705600,73934.11,68989.89511871469,,1,0,0,2993.1962807256423
1773792000,71245.02,68989.89511871469,,1,0,0,3081.1944035309534
1773878400,69918.3,68989.89511871469,,1,0,0,3065.053374707314
1773964800,70497.01,68989.89511871469,,1,0,0,2990.736705085363
1774051200,68912.02,,75518.60704911128,1,0,0,2956.6690832935515
1774137600,67844.94,,74033.13884420015,1,0,0,2905.8320059154403
1774224000,70874.23,,74033.13884420015,1,0,0,3011.5582912071945
1774310400,70533.49,,74033.13884420015,1,0,0,2975.0184132638237
1774396800,71301.53,,74033.13884420015,1,0,0,2882.030669459264
1774483200,68769.02,,74033.13884420015,1,0,0,2912.7406216407458
1774569600,66353.34,,73141.10798886175,1,0,0,2963.9734343806927
1774656000,66320.15,,72082.36018997557,1,0,0,2850.3353319249286
1774742400,65956.94,,71402.15417097801,1,0,0,2799.412093930291
1774828800,66737.18,,71402.15417097801,1,0,0,2770.3612300781274
1774915200,68221.85,,71402.15417097801,1,0,0,2757.7125707868327
1775001600,68112.35,,71402.15417097801,1,0,0,2686.4759585877737
1775088000,66894.48,,71402.15417097801,1,0,0,2705.6591044029324
1775174400,66959.99,,71402.15417097801,1,0,0,2591.0184540884375
1775260800,67291.73,,71402.15417097801,1,0,0,2460.5571359392634
1775347200,69005,,71402.15417097801,1,0,0,2464.631626229316
1775433600,68853.61,,71402.15417097801,1,0,0,2434.7636529272218
1775520000,71910.2,65110.86175468798,,1,0,0,2621.134820575278
1775606400,71085.99,66728.65357921919,,1,0,0,2589.391619105616
1775692800,71798.01,66732.53572129726,,1,0,0,2595.7972177409288
1775779200,72997.88,67477.28064916754,,1,0,0,2556.5488450451476
1775865600,73086,68462.24358425078,,1,0,0,2463.838213256208
1775952000,70755.35,68462.24358425078,,1,0,0,2477.809769452193
1776038400,74446,68462.24358425078,,1,0,0,2612.2969287770356
1776124800,74179.04,69871.36604291883,,1,0,0,2588.038576721533
1776211200,74836.31,69871.36604291883,,1,0,0,2539.8793926699946
1776297600,75163.09,69871.36604291883,,1,0,0,2518.595150336424
1776384000,77098.01,71262.07126528784,,1,0,0,2612.39478245525
1776470400,75736.82,71375.88163875903,,1,0,0,2566.9622979941605
1776556800,73823.14,71375.88163875903,,1,0,0,2562.2149909945774
1776643200,75864.86,71375.88163875903,,1,0,0,2583.3760630663933
1776729600,76348.58,71375.88163875903,,1,0,0,2549.499201418793
1776816000,78208.52,72614.1278251898,,1,0,0,2608.677829888879
1776902400,78281.32,72804.99604267083,,1,0,0,2546.8415563253875
1776988800,77461.8,73142.68293840374,,1,0,0,2459.094302302146
1777075200,77650.72,73142.68293840374,,1,0,0,2335.722566423421
1777161600,78673.83,73801.20708010704,,1,0,0,2282.9252402503193
1777248000,77364.42,73801.20708010704,,1,0,0,2337.608437375297
1777334400,76317.99,73801.20708010704,,1,0,0,2301.5042632770624
1777420800,75752.88,73801.20708010704,,1,0,0,2350.8853873287007
1777507200,76305.78,73801.20708010704,,1,0,0,2280.5257168052217
1777593600,78234.05,73801.20708010704,,1,0,0,2309.4974513191346
1777680000,78682.31,74320.61268331917,,1,0,0,2224.584776224911
1777766400,78558.89,74633.06241498723,,1,0,0,2162.5137207802754
1777852800,79852.37,75262.53167348851,,1,0,0,2189.8341692959702
1777939200,80907.72,76599.05850613967,,1,0,0,2176.9960143462586
1778025600,81438.1,77558.0886555257,,1,0,0,2172.537013321525
1778112000,80005.38,77558.0886555257,,1,0,0,2178.2965123699873
1778198400,80188.82,77558.0886555257,,1,0,0,2091.771761486417
1778284800,80655.96,77558.0886555257,,1,0,0,2010.2159213802445
1778371200,82199.99,77558.0886555257,,1,0,0,2022.0676412816556
1778457600,81727.06,77558.0886555257,,1,0,0,2017.7256669043943
1778544000,80484.72,77558.0886555257,,1,0,0,2014.708833554081
1778630400,79288.26,77558.0886555257,,1,0,0,2056.093916871646
1778716800,81079.39,77558.0886555257,,1,0,0,2136.4300656665287
1778803200,79058.51,77558.0886555257,,1,0,0,2202.2572038332046
1778889600,78105.45,77558.0886555257,,1,0,0,2157.3152607022616
1778976000,77407.59,,81865.18433397426,1,0,0,2138.682742080672
1779062400,76943.98,,81051.66890057684,1,0,0,2112.5111176463383
1779148800,76767.48,,80719.56801051917,1,0,0,2053.6860378144574
1779235200,77475.99,,80719.56801051917,1,0,0,2003.3577493991386
1779321600,77547.62,,80719.56801051917,1,0,0,1967.7364815849137
1779408000,75443.91,,80478.70705966846,1,0,0,2010.4903043288489
1779494400,76650,,79908.58185370162,1,0,0,2088.875996876788
1779580800,76975.99,,79908.58185370162,1,0,0,2040.5505685284465
1779667200,77249.07,,79908.58185370162,1,0,0,1968.1905279192724
1779753600,75826.1,,79908.58185370162,1,0,0,2003.3526330678962
1779840000,74315.98,,79000.75604471363,1,0,0,1997.3781592773325
1779926400,73512.56,,77391.46894024228,1,0,0,1998.8004336146655
1780012800,73366.77,,77210.56954621804,1,0,0,1988.9368312136173
1780099200,73770.69,,77210.56954621804,1,0,0,1912.7106289840724
1780185600,73575.17,,77210.56954621804,1,0,0,1838.1305840566383
1780272000,71314.42,,76111.96257419296,1,0,0,1951.3726851954502
1780358400,66658.35,,73211.65431677365,1,0,0,2184.536064824347
1780444800,64040,,70440.48588509629,1,0,0,2273.604203051179
1780531200,63806.02,,67945.03279658666,1,0,0,2353.043188547523
1780617600,61032,,66904.73401692799,1,0,0,2530.1836750798425
1780704000,60850.48,,65757.8191152352,1,0,0,2495.95341257414
1780790400,63302.73,,65757.8191152352,1,0,0,2569.6745973902725
1780876800,63062.98,,65757.8191152352,1,0,0,2517.1685547195384
1780963200,61685.8,,65757.8191152352,1,0,0,2535.727229382428
1781049600,61449.46,,65757.8191152352,1,0,0,2504.6124272836832
1781136000,63563.42,,65757.8191152352,1,0,0,2498.380111049134
1781222400,63538.43,,65757.8191152352,1,0,0,2434.7465316884814
1781308800,64429.99,,65757.8191152352,1,0,0,2355.5753508535895
1781395200,65706.62,,65757.8191152352,1,0,0,2339.045682935476
1781481600,66276.8,61672.35170767351,,1,0,0,2312.108134154371
1781568000,65616.64,61672.35170767351,,1,0,0,2264.383981714773
1781654400,64446.04,61672.35170767351,,1,0,0,2283.5701258780036
1781740800,62879.01,61672.35170767351,,1,0,0,2305.6544026010033
1781827200,63475.2,61672.35170767351,,1,0,0,2237.371230986646
1781913600,64222.99,61672.35170767351,,1,0,0,2161.941143059029
1782000000,63235.63,61672.35170767351,,1,0,0,2103.0317756976697
1782086400,63950.61,61672.35170767351,,1,0,0,2118.3709345764078
1782172800,62644.86,61672.35170767351,,1,0,0,2134.893010678093
1782259200,60983.13,,65666.15354680065,1,0,0,2278.5149384868005
1782345600,59703.65,,64832.22519212058,1,0,0,2392.0774428806003
1782432000,60002.53,,64343.23517290853,1,0,0,2393.8319112462714
1782518400,59934.84,,64343.23517290853,1,0,0,2299.545346157252
1782604800,59474.01,,64116.98029005591,1,0,0,2252.7842500031625
1782691200,60162.73,,64116.98029005591,1,0,0,2227.773232145794
1782777600,58523.93,,63526.05088494528,1,0,0,2221.2172869925225
1782864000,59961.45,,63526.05088494528,1,0,0,2317.543195064485
1782950400,61484.02,,63526.05088494528,1,0,0,2339.7093954170223
1783036800,62520.22,,63526.05088494528,1,0,0,2296.673010030092
1783123200,63086.45,,63526.05088494528,1,0,0,2213.7563664565137
1783209600,63580.44,58914.27544289866,,1,0,0,2166.824483138191
1783296000,64001.84,58914.27544289866,,1,0,0,2255.540591485463
1783382400,63323.27,59035.37375874791,,1,0,0,2215.139120665073
1783468800,62237.7,59035.37375874791,,1,0,0,2218.8998977604247
1783555200,63175.25,59035.37375874791,,1,0,0,2189.864905063251
1783641600,64128.49,59510.521850127225,,1,0,0,2162.3324118444475
1783728000,63773.04,60145.4741651145,,1,0,0,2057.0843824269873
1783814400,63740.32,60214.99174860305,,1,0,0,1957.4612122536312
1783900800,62264.94,60214.99174860305,,1,0,0,2006.0075542355148
1783987200,64988.64,60214.99174860305,,1,0,0,2067.338443218692
1784073600,64716.63,61126.280944731625,,1,0,0,2000.2706972745
1784160000,63770.6,61126.280944731625,,1,0,0,1947.0577903263215
1784246400,63894,61126.280944731625,,1,0,0,1943.7708053030128
1784332800,64796.36,61126.280944731625,,1,0,0,1875.3286049242265
1784419200,64681.78,61235.40515533842,,1,0,0,1789.992276001067
1784505600,65213.05,61309.54763980459,,1,0,0,1808.8556848581334
1784592000,66516.18,62574.38587582412,,1,0,0,1809.4488502254094
1784678400,66086.61,62751.4792882417,,1,0,0,1766.956075209309
1784764800,65051.23,62751.4792882417,,1,0,0,1763.8627841229302
1784851200,64083.32,62751.4792882417,,1,0,0,1789.4282995427207
1784937600,64295.61,62751.4792882417,,1,0,0,1708.428421003955
1785024000,65341.07,62751.4792882417,,1,0,0,1677.9521052179584
1785110400,63694.43,62751.4792882417,,1,0,0,1712.3898119881044
1785196800,63847.12,62751.4792882417,,1,0,0,1689.7641111318112
1785283200,63896.14,62751.4792882417,,1,0,0,1674.1273889081108
1785369600,64721.9,62751.4792882417,,1,0,0,1669.9161468432455
1785456000,62825.9,62751.4792882417,,1,0,0,1764.9964220687282
1785542400,62764.2,62751.4792882417,,1,0,0,1702.0102490638194
1785628800,63499.49,62751.4792882417,,1,0,0,1650.9109455592607
1785715200,63466.51,62751.4792882417,,1,0,0,1663.1523065907422
1785801600,64050.51,62751.4792882417,,1,0,0,1633.4442846914033
1785888000,64603.03,62751.4792882417,,1,0,0,1600.6254072134454
1785974400,64267.3,62751.4792882417,,1,0,0,1547.4914495553421
1786060800,64891.61,62751.4792882417,,1,0,0,1526.2149174442463
1786147200,64908.72,62751.4792882417,,1,0,0,1442.9331376268003
1786233600,64848.69,62751.4792882417,,1,0,0,1393.4936277963145
1786320000,63911.88,62751.4792882417,,1,0,0,1408.8726543822922
1786406400,63531.75,62751.4792882417,,1,0,0,1399.7660362121283
1786492800,63411.72,62751.4792882417,,1,0,0,1384.0984621969767
1786579200,63425.35,62751.4792882417,,1,0,0,1369.3100006114787
1786665600,62975.19,62751.4792882417,,1,0,0,1349.5907148535157
1786752000,63018.75,62751.4792882417,,1,0,0,1274.1678066496931
1786838400,62836.66,62751.4792882417,,1,0,0,1232.220820460429
1786924800,64484.18,62751.4792882417,,1,0,0,1280.532190427541
1787011200,64681.33,62751.4792882417,,1,0,0,1263.397033968431
1787097600,69300.01,63756.2938814652,,1,0,0,1595.3258172564003
1787184000,73011.87,67234.83149331868,,1,0,0,1805.531830309514
1787270400,78325.54,71454.54584398681,,1,0,0,2140.5152710016914
1787356800,77054.44,72860.67725958813,,1,0,0,2155.9548945015704
1787443200,77729.36,72860.67725958813,,1,0,0,2181.7531163228873
1787529600,79728.16,73272.92483026639,,1,0,0,2252.9107508712527